NAME,POS,TEAM,DEPTH,Week 1,Week 2,Week 3,Week 4,Week 5,Week 6,Week 7,Week 8,Week 9,Week 10,Week 11,Week 12,Week 13,Week 14,Week 15,Week 16,Week 17,Total,Avg,TM SNAP %,TD
Jameis Winston,QB,TB,2,,65,53,64,72,15,72,67,29,,,,76,71,61,67,83,795,61,72.7,0
Tom Brady,QB,NE,,81,76,65,70,74,68,74,86,,61,57,70,68,61,60,67,80,1118,69,98,0
Andy Dalton,QB,CIN,2,61,64,61,61,66,,51,56,39,51,55,61,64,45,41,86,79,941,58,97.3,0
Brandin Cooks,WR,NE,1,67,65,58,64,72,66,70,82,,68,56,62,68,60,57,65,78,1058,66,92.7,7
Eli Manning,QB,NYG,,56,56,69,80,70,54,59,,64,66,69,57,,80,88,72,78,1018,67,93.9,0
Tyler Kroft,TE,CIN,4,12,29,60,53,62,,49,52,39,51,47,60,59,45,47,86,78,829,51,85.7,7
Joe Flacco,QB,BAL,,66,68,35,69,66,73,65,29,75,,59,67,64,64,78,73,76,1027,64,94.6,0
A.J. Green,WR,CIN,,55,62,57,55,57,,44,53,15,49,48,56,62,43,45,81,75,857,53,88.6,8
Brandon LaFell,WR,CIN,,57,57,56,56,61,,46,51,38,48,38,45,57,52,50,76,75,863,53,89.2,3
Case Keenum,QB,MIN,3,,65,74,56,44,77,66,85,,61,78,73,66,73,58,65,75,1016,67,90.9,0
Travis Rudolph,WR,NYG,,,,,,,23,33,,4,,27,33,,,,58,75,253,36,23.3,0
Matt Ryan,QB,ATL,,59,58,68,75,,57,57,66,60,65,62,64,53,74,71,65,72,1026,64,100,0
Drew Stanton,QB,ARI,,,,,,,,23,,77,80,,,,,,69,71,320,64,28.5,0
Larry Fitzgerald,WR,ARI,,74,62,77,82,57,58,46,,68,80,57,72,63,62,84,61,71,1074,67,95.6,6
Mike Evans,WR,TB,1,,55,47,59,68,64,63,62,52,,55,61,66,58,51,53,70,884,58,80.8,5
David Fales,QB,MIA,,,,,,,,,,,,,,4,,,,68,72,36,6.9,0
Dak Prescott,QB,DAL,1,74,71,47,71,74,,63,68,67,63,60,55,68,63,65,76,68,1053,65,98.6,0
Jason Witten,TE,DAL,,74,71,47,71,73,,63,68,66,62,60,55,68,63,65,76,68,1050,65,98.3,5
Jehu Chesson,WR,KC,,,,,,,,,,4,,7,1,,2,,4,67,85,7,8.8,0
Tyrod Taylor,QB,BUF,2,77,54,65,60,70,,68,69,75,37,40,70,46,,63,70,67,931,62,88.2,0
Adam Thielen,WR,MIN,1,65,63,63,55,68,72,65,78,,55,73,66,60,69,56,60,66,1034,64,92.5,4
Philip Rivers,QB,LAC,,59,58,73,57,78,65,58,56,,69,57,68,70,57,64,73,66,1028,64,96.6,0
DeShone Kizer,QB,CLE,,66,52,77,51,42,,35,59,,74,55,67,63,58,64,59,65,887,59,83,0
Hunter Sharp,WR,NYG,,,,,,,,29,,,,,,,,,14,65,108,36,10,1
Marcus Mariota,QB,TEN,2,64,68,72,23,,69,72,,52,90,65,58,54,60,64,69,65,945,63,92.3,0
Mike Wallace,WR,BAL,,47,48,50,52,34,70,5,,58,,41,50,47,40,49,58,65,714,47,65.7,4
Paxton Lynch,QB,DEN,,,,,,,,,,,,,33,,,,,65,98,49,9.3,0
Sean Mannion,QB,LAR,,5,,,,,,4,,13,,,,,,15,,65,102,20,9.8,0
Jacoby Brissett,QB,IND,2,9,71,66,60,76,58,67,74,66,59,,63,69,71,54,62,64,989,61,96,0
Jack Doyle,TE,IND,,46,70,66,48,,58,54,71,62,58,,61,64,71,54,62,64,909,60,88.3,4
Jimmy Garoppolo,QB,SF,1,,,,,,,,,,,,3,75,73,70,68,64,353,58,32,0
Marquis Bundy,WR,NYG,,,,,,,,,,,,,,,,,,64,64,64,5.9,0
Pharoh Cooper,WR,LAR,,22,4,9,9,12,4,11,,13,10,5,11,10,7,16,1,64,208,13,20,0
Derrick Henry,RB,TEN,1,18,30,30,18,11,40,30,,19,28,16,32,24,13,16,23,63,411,25,40.1,1
DeVante Parker,WR,MIA,1,,63,58,47,3,,,,54,51,57,56,56,61,64,45,63,678,52,65.2,1
Keenan Allen,WR,LAC,1,53,49,61,49,71,55,47,52,,59,53,59,64,49,47,66,63,897,56,84.3,6
Kenny Stills,WR,MIA,,,60,62,47,51,60,72,64,65,57,57,56,54,61,64,49,63,942,58,90.6,6
Patrick Mahomes,QB,KC,1,,,,,,,,,,,,,,,,,63,63,63,6.5,0
Demetrius Harris,TE,KC,,26,24,22,40,55,18,31,,20,,19,16,19,28,28,38,62,487,30,50.2,1
Demarcus Robinson,WR,KC,,5,2,9,4,12,49,61,,56,,72,51,29,44,37,42,62,586,36,60.4,0
Stefon Diggs,WR,MIN,1,58,61,52,48,49,,,64,,51,53,66,48,70,46,53,62,781,55,69.9,8
Brett Hundley,QB,GB,,,,,3,,58,55,,59,66,67,55,55,76,,67,61,622,56,59.4,0
Cam Newton,QB,CAR,,67,68,50,63,66,82,72,65,65,71,,72,57,64,75,65,61,1063,66,98.5,0
Mohamed Sanu,WR,ATL,,48,48,57,31,,,51,60,43,48,47,52,45,54,52,59,61,756,50,73.7,5
Blake Bortles,QB,JAX,,64,67,64,78,54,69,68,,80,84,78,64,66,66,58,90,60,1110,69,98,0
Keelan Cole,WR,JAX,2,19,44,37,46,27,41,41,,49,69,45,58,49,40,53,77,60,755,47,66.6,3
Mike Thomas,WR,LAR,8,,,,,,2,,,,,8,7,1,5,16,2,60,101,12,9.7,0
Tyler Boyd,WR,CIN,2,42,,30,39,5,,,,,,22,15,15,30,,49,60,307,30,31.7,2
Bryce Petty,QB,NYJ,,,,,,,,,,,,,,,21,74,65,59,219,54,21.1,0
Ezekiel Elliott,RB,DAL,,60,63,43,64,64,,50,58,62,,,,,,,68,59,591,59,55.3,2
Landry Jones,QB,PIT,5,,,,,,,,,,,4,,,,,7,59,70,23,6.3,0
Austin Hooper,TE,ATL,2,47,41,49,59,,52,52,50,50,54,39,44,34,50,54,54,58,787,49,76.7,3
Adam Humphries,WR,TB,,,41,39,43,52,48,52,39,34,46,33,43,42,38,40,36,58,684,42,62.5,1
Bennie Fowler,WR,DEN,,38,23,48,34,,61,53,,25,18,24,17,19,22,39,56,58,575,35,54.7,3
Chris Godwin,WR,TB,1,,29,11,9,17,14,22,14,18,69,22,19,17,40,34,56,58,449,28,41,1
Drew Brees,QB,NO,,62,65,58,74,,71,76,61,60,72,71,57,64,52,68,65,58,1034,64,99.5,0
Dede Westbrook,WR,JAX,,,,,,,,,,,,35,45,54,50,57,87,58,386,55,34.1,1
Jaron Brown,WR,ARI,,55,50,76,82,36,34,,,40,52,31,55,46,55,68,53,58,822,51,73.1,4
Justin Hardy,WR,ATL,,15,19,15,58,,42,9,9,20,21,17,25,11,22,21,21,58,383,23,37.3,3
Lance Kendricks,TE,GB,,21,13,19,18,18,6,14,,29,46,38,29,30,49,22,58,58,468,29,44.7,1
Matthew Stafford,QB,DET,1,71,62,70,70,61,81,,71,68,52,63,59,54,68,63,64,58,1035,64,99.1,0
Rob Gronkowski,TE,NE,,78,46,64,70,,63,71,86,,61,53,64,65,,60,66,58,905,64,79.3,8
Russell Wilson,QB,SEA,1,49,82,73,68,68,,75,69,83,62,74,67,62,62,54,57,58,1063,66,99.5,0
T.Y. Hilton,WR,IND,,44,64,64,51,67,54,57,68,60,49,,62,67,48,51,62,58,926,57,89.9,4
Greg Olsen,TE,CAR,,67,25,,,,,,,,,,24,,59,73,62,57,367,52,34,1
Kirk Cousins,QB,WAS,1,63,71,68,50,,74,64,59,63,75,69,71,56,50,53,69,57,1012,63,99.5,0
Doug Baldwin,WR,SEA,5,43,81,51,46,49,,50,49,70,49,62,53,43,59,48,46,56,855,53,80.1,8
JuJu Smith-Schuster,WR,PIT,1,25,38,51,54,65,44,31,51,,53,67,,54,,66,52,56,707,50,63.8,7
Jamaal Williams,RB,GB,2,6,11,5,12,2,,,,9,35,59,45,48,50,43,62,56,443,27,42.3,2
Mitch Trubisky,QB,CHI,2,,,,,61,80,38,67,,60,63,55,37,76,69,64,56,726,60,73.3,0
Nick Boyle,TE,BAL,,45,42,40,49,44,44,47,55,,,43,47,43,41,51,49,56,696,46,64.1,0
Braxton Miller,WR,HOU,,63,63,37,,,7,,3,,20,61,54,30,,,34,55,427,38,38.7,1
Danny Amendola,WR,NE,,32,,32,36,55,29,38,32,,27,35,39,32,50,37,40,55,569,37,49.9,2
Marvin Jones Jr.,WR,DET,1,68,56,68,64,58,80,,68,65,50,62,59,59,67,62,64,55,1005,62,96.3,9
Randall Cobb,WR,GB,2,63,54,,33,47,53,37,,49,37,48,38,41,57,68,61,55,741,49,70.8,4
Rhett Ellison,TE,NYG,,19,22,20,31,50,35,28,,40,26,46,28,32,39,26,41,55,538,33,49.6,2
TJ Yates,QB,HOU,,,,,,,,,,,,,,,42,62,47,55,206,51,18.7,0
Vernon Davis,TE,WAS,,27,55,56,35,,48,29,48,47,64,62,65,54,42,49,67,55,803,50,79,3
Dez Bryant,WR,DAL,,67,66,41,58,66,,54,60,46,51,54,49,57,49,58,64,54,894,55,83.7,6
Derek Carr,QB,OAK,1,66,57,51,34,,58,82,65,63,,74,68,65,61,70,69,54,937,62,92.5,0
Giovani Bernard,RB,CIN,,29,33,13,21,22,,23,14,11,20,20,15,44,46,49,72,54,486,30,50.3,2
Josh Gordon,WR,CLE,,,,,,,,,,,,,,48,53,55,49,54,259,51,24.2,1
Julio Jones,WR,ATL,,48,48,58,15,,45,,,43,43,50,46,42,54,54,57,54,766,47,74.7,3
Kapri Bibbs,RB,WAS,13,,,,,,,,,,,,,,,16,35,54,105,35,10.3,1
Melvin Gordon III,RB,LAC,,45,48,33,42,65,58,40,33,,47,37,42,53,47,53,53,54,750,46,70.5,4
Devin Funchess,WR,CAR,,45,57,50,58,41,69,56,43,48,59,,60,47,45,64,58,53,853,53,79.1,8
Marcedes Lewis,TE,JAX,,64,54,39,69,45,52,57,,62,77,67,56,56,62,38,44,53,895,55,79,5
Michael Thomas,WR,NO,1,58,58,46,69,,59,60,47,49,56,56,44,48,45,63,40,53,851,53,81.9,5
Corey Coleman,WR,CLE,,53,38,,,,,,,,,51,63,51,39,51,52,52,450,50,42.1,2
Christian McCaffrey,RB,CAR,1,47,43,41,48,37,61,53,38,53,45,,50,40,43,53,53,52,757,47,70.2,5
Dion Lewis,RB,NE,,6,14,12,14,18,29,26,30,,21,26,28,26,18,33,51,52,404,25,35.4,3
Jermaine Gresham,TE,ARI,,55,,55,73,40,59,30,,69,72,45,50,33,49,,68,52,750,53,66.7,2
Jarvis Landry,WR,MIA,,,62,60,46,49,65,70,59,66,53,54,52,53,66,70,55,52,932,58,89.6,9
Leonard Fournette,RB,JAX,,39,40,37,39,39,41,,,,45,52,28,52,50,,50,52,564,43,49.8,1
Chester Rogers,WR,IND,,,,,,,6,34,26,15,42,,40,54,66,53,58,51,445,40,43.2,1
Josh Doctson,WR,WAS,,20,29,36,17,,19,54,47,56,69,60,71,60,46,52,69,51,756,47,74.3,6
Jordan Taylor,WR,DEN,,,,,7,,32,44,,,,2,4,,4,16,53,51,258,25,24.5,0
Kenny Golladay,WR,DET,,44,34,45,,,,,,,11,35,40,48,58,50,61,51,477,43,45.7,3
Paul Richardson,WR,SEA,,41,39,61,50,47,,49,56,68,33,61,56,52,58,47,47,51,816,51,76.4,6
Rishard Matthews,WR,TEN,,52,48,62,34,50,53,57,,42,78,52,,,46,57,64,51,746,53,72.9,4
Zay Jones,WR,BUF,1,66,49,55,44,66,,55,55,40,,53,57,65,41,44,53,50,793,52,75.2,2
Antony Auclair,TE,TB,,,,,,1,,,,,,21,16,14,11,23,35,49,170,21,15.5,0
Antonio Gates,TE,LAC,,39,32,40,36,41,37,18,25,,26,15,18,27,19,22,56,49,500,31,47,3
Cobi Hamilton,WR,HOU,,,,,,,,,,,,,,,,4,1,49,54,18,4.9,0
Jermaine Kearse,WR,NYJ,,55,49,45,67,47,61,51,53,56,66,,58,74,44,48,57,49,880,55,84.8,5
Tyrell Williams,WR,LAC,,55,52,71,50,66,44,,,,43,61,60,51,51,53,57,49,852,53,80.1,4
Dion Sims,TE,CHI,,48,30,50,38,47,69,29,40,,,,20,25,49,42,46,48,581,41,58.7,1
Golden Tate,WR,DET,,63,43,63,52,55,46,,44,35,36,48,52,51,56,47,52,48,791,49,75.8,5
Josh Hill,TE,NO,,25,26,37,9,,48,41,40,28,43,31,38,43,33,45,53,48,588,36,56.6,1
Kenyan Drake,RB,MIA,,,1,20,9,2,1,,12,37,25,38,39,53,66,72,54,48,477,29,45.9,1
Allen Hurns,WR,JAX,,51,59,44,60,39,56,50,,71,60,,,,,,,47,537,53,47.4,2
Chad Hansen,WR,NYJ,,12,2,,1,2,11,6,9,32,48,,28,48,35,35,26,47,342,22,32.9,0
David Morgan,TE,MIN,,18,7,30,18,12,16,17,36,,27,40,33,1,,50,43,47,395,26,35.3,1
Josh Reynolds,WR,LAR,1,17,2,6,7,11,6,1,,17,10,8,61,42,26,18,2,47,281,17,27,1
Michael Clark,WR,GB,,,,,,,,,,,,,,,,,28,47,75,37,7.2,0
Anthony Fasano,TE,MIA,,,16,29,18,44,47,45,36,32,19,28,17,41,42,25,34,46,519,32,49.9,1
Dontrelle Inman,WR,CHI,,,13,14,9,3,,,,,57,53,51,35,67,48,61,46,457,38,46.2,1
Jerell Adams,TE,NYG,,2,1,,6,14,11,2,,8,7,11,8,7,5,19,27,46,174,10,16.1,0
Benjamin Watson,TE,BAL,,40,50,40,43,59,51,52,32,67,,26,41,30,33,42,48,45,699,43,64.4,4
Carlos Hyde,RB,SF,,45,40,61,58,33,56,51,45,56,46,,64,50,41,51,44,45,786,49,71.2,0
Kelvin Benjamin,WR,BUF,,43,43,7,57,50,69,61,47,,41,4,,,41,37,52,45,597,42,56.6,3
Peyton Barber,RB,TB,,,16,,4,,,3,3,23,7,3,10,52,31,32,25,45,254,15,23.2,0
Phillip Dorsett,WR,NE,2,18,32,7,9,20,11,8,8,,49,28,43,48,,25,26,45,377,25,33,0
Rashard Higgins,WR,CLE,,,54,52,53,37,45,48,39,,44,38,50,36,28,52,43,45,664,44,62.1,2
Charles Clay,TE,BUF,,65,45,52,48,13,,,,,29,35,45,44,58,48,51,44,577,44,54.7,2
Jerick McKinnon,RB,MIN,3,11,23,14,10,47,44,35,54,,31,45,33,35,42,35,25,44,528,33,47.2,2
Mack Hollins,WR,PHI,1,5,17,8,9,14,9,8,18,30,,10,38,17,38,13,9,44,287,17,25.4,1
Ryan Grant,WR,WAS,,37,30,34,22,,40,26,40,59,9,53,49,53,30,46,44,44,616,38,60.6,4
Cameron Brate,TE,TB,,,38,26,35,49,44,38,40,34,33,41,34,32,25,29,45,43,586,36,53.6,6
Frank Gore,RB,IND,,19,32,41,35,39,23,22,36,40,34,,41,22,54,28,46,43,555,34,53.9,1
Amari Cooper,WR,OAK,1,61,48,44,53,55,55,78,63,57,,67,28,,15,,44,42,710,50,70.1,7
Corey Davis,WR,TEN,2,42,23,,,,,,,39,78,54,42,43,45,54,54,42,516,46,50.4,0
John Brown,WR,ARI,,63,,,53,48,47,,,46,68,41,,,,,41,42,491,49,43.7,3
Jimmy Graham,TE,SEA,,40,53,48,46,42,,49,49,57,44,48,46,42,38,46,40,42,730,45,68.4,10
Kaelin Clay,WR,CAR,,,5,15,13,41,,,6,8,24,,49,25,3,5,18,42,254,19,23.5,0
Michael Campanaro,WR,BAL,5,13,8,15,20,14,33,32,,,,6,,8,18,32,22,42,263,20,24.2,1
Eric Decker,WR,TEN,,60,44,61,34,49,58,66,,23,34,22,48,48,44,55,49,41,736,46,71.9,1
Jared Cook,TE,OAK,,47,45,41,48,34,46,67,46,53,,54,59,50,54,59,52,41,796,49,78.6,2
Jonnu Smith,TE,TEN,2,24,37,48,22,36,43,49,,30,47,38,34,35,29,17,26,41,556,34,54.3,2
Malcolm Brown,RB,LAR,,11,5,,7,9,12,22,,18,,,,,3,17,5,41,150,13,14.4,0
Marshawn Lynch,RB,OAK,,32,23,16,23,27,30,10,,37,,21,47,32,28,51,44,41,462,30,45.6,0
Tevin Coleman,RB,ATL,,24,23,28,27,,18,19,29,19,44,42,44,20,24,,23,41,425,28,41.4,3
Josh Bellamy,WR,CHI,,33,59,19,36,7,2,3,2,,40,25,,30,48,53,41,40,438,29,44.2,1
Nate Sudfeld,QB,PHI,3,,,,,,,,,,,,,,,,,40,40,40,3.5,0
Aldrick Robinson,WR,SF,,10,12,27,73,22,15,30,30,62,31,,22,18,26,4,17,39,438,27,39.7,2
Jamison Crowder,WR,WAS,2,49,38,48,36,,53,58,56,,60,41,37,49,41,38,31,39,674,44,66.3,3
Marcus Johnson,WR,PHI,,7,,7,9,14,6,10,21,20,,13,,,,,,39,146,14,12.9,0
Travis Benjamin,WR,LAC,,39,39,44,37,46,21,22,35,,41,21,44,38,33,36,31,39,566,35,53.2,4
Trevor Davis,WR,GB,,6,17,,3,,,,,6,7,1,3,1,3,1,16,39,103,6,9.8,0
Alfred Blue,RB,HOU,,,,,4,,,,11,,13,,21,9,,31,31,38,158,14,14.3,0
Devonta Freeman,RB,ATL,,36,38,41,49,,42,41,40,41,2,,,39,51,51,43,38,552,39,53.8,1
Jeff Heuerman,TE,DEN,,17,23,15,17,,17,15,,24,32,,,14,25,25,37,38,321,22,30.5,2
Kendall Wright,WR,CHI,,39,55,35,37,33,25,8,38,,46,39,42,20,47,46,32,38,580,36,58.6,1
CJ Anderson,RB,DEN,,48,56,49,44,,38,38,,23,24,29,19,40,41,54,42,37,617,38,58.7,1
Jesse James,TE,PIT,,54,71,46,58,72,55,50,58,,45,76,64,58,71,60,32,37,907,56,81.9,3
Ted Ginn Jr.,WR,NO,,42,43,34,45,,37,39,37,37,50,53,41,39,35,,48,37,617,41,59.4,4
Vance McDonald,TE,PIT,,18,,16,30,15,31,29,,,30,,,,35,,29,37,270,27,24.4,1
Dwayne Allen,TE,NE,,27,46,17,9,50,6,20,20,,20,25,38,37,56,26,44,36,477,29,41.8,1
Deonte Thompson,WR,BUF,,44,36,46,53,7,,21,23,52,39,32,56,55,57,44,61,36,662,41,62.7,2
George Kittle,TE,SF,1,54,43,39,75,40,66,31,41,33,,,25,27,20,28,35,36,593,39,53.7,2
Isaiah Crowell,RB,CLE,,52,32,41,22,36,32,39,33,,36,24,32,32,36,22,31,36,536,33,50.1,0
Jordan Howard,RB,CHI,,38,31,41,35,34,54,34,48,,29,31,23,22,44,33,45,36,578,36,58.4,0
Kerwynn Williams,RB,ARI,,9,18,1,2,5,4,14,,4,1,9,5,31,38,31,33,36,241,15,21.4,0
Tyler Lockett,WR,SEA,1,26,61,66,50,38,,40,39,55,44,47,46,29,39,41,35,36,692,43,64.8,2
Brenton Bersin,WR,CAR,7,,,,,,,,,9,11,,16,10,17,17,51,35,166,20,15.4,0
Brent Celek,TE,PHI,,25,17,20,34,26,24,31,30,54,,23,30,23,47,23,20,35,462,28,40.8,1
Demaryius Thomas,WR,DEN,,60,68,61,56,,57,,,53,50,71,48,57,45,54,62,35,886,55,84.2,5
Orson Charles,TE,KC,,,,,,,,,,,,,,3,7,6,12,35,63,12,6.5,0
Seth DeValve,TE,CLE,,31,31,43,33,36,36,37,32,,42,33,24,36,25,29,28,35,531,33,49.7,1
Brandon Bolden,RB,NE,3,,,,,,,,,,3,,,,,,5,34,42,2,3.7,0
Darrell Daniels,TE,IND,,13,15,17,22,49,6,10,5,5,12,,,,,,8,34,196,16,19,0
Delanie Walker,TE,TEN,,53,56,50,31,46,44,38,,32,67,47,43,35,50,56,62,34,744,46,72.7,3
Garrett Celek,TE,SF,,14,16,36,21,32,30,18,26,55,56,,48,52,61,46,17,34,562,35,50.9,4
Luke Stocker,TE,TEN,,,16,6,14,5,10,8,17,20,19,,,,,11,15,34,175,14,17.1,1
Seth Roberts,WR,OAK,,55,34,45,50,50,42,72,,35,,59,57,46,55,66,52,34,752,50,74.2,1
Terrance Williams,WR,DAL,,38,49,33,47,55,,41,41,55,45,40,32,47,35,41,59,34,692,43,64.8,0
Gerald Everett,TE,LAR,1,29,16,11,21,26,18,18,,15,20,19,24,18,12,8,11,33,299,18,28.7,2
Martavis Bryant,WR,PIT,,50,47,45,48,62,33,36,,,37,45,58,40,71,36,44,33,685,45,61.8,3
Mark Ingram II,RB,NO,,26,35,29,46,,47,42,31,36,37,28,29,36,42,41,32,33,570,35,54.9,0
Chosen Anderson,WR,NYJ,2,57,43,49,55,39,58,45,54,50,56,,57,62,34,59,61,33,812,50,78.2,7
Charles Sims,RB,TB,,,21,26,22,32,27,24,19,18,22,23,26,19,20,28,24,32,383,23,35,1
Eric Tomlinson,TE,NYJ,,13,,,29,20,35,34,27,45,20,,28,43,17,30,38,32,411,29,39.6,1
Kamar Aiken,WR,IND,,26,63,5,51,67,51,43,47,49,,,7,21,42,34,50,32,588,39,57.1,0
Kyle Rudolph,TE,MIN,,55,63,68,55,67,75,61,82,,53,73,65,64,55,21,35,32,924,57,82.6,8
Neal Sterling,WR,NYJ,10,,7,7,9,,,,,,5,,4,7,8,11,11,32,101,9,9.7,0
Alvin Kamara,RB,NO,1,31,17,17,26,,30,37,31,25,29,46,32,37,6,32,37,31,464,29,44.7,5
Darren Fells,TE,DET,,32,41,29,51,35,46,,45,43,27,30,27,31,30,24,28,31,550,34,52.7,3
James Develin,RB,NE,,19,24,15,16,13,25,24,29,,45,21,19,17,11,18,19,31,346,21,30.3,0
Jakeem Grant Sr.,WR,MIA,8,,1,3,5,33,6,8,15,,,,2,2,9,6,11,31,132,8,12.7,2
Latavius Murray,RB,MIN,3,3,6,8,19,22,33,31,31,,30,33,40,30,32,32,40,31,421,26,37.7,0
Nick O'Leary,TE,BUF,,43,20,34,32,59,,54,54,58,19,34,30,,32,27,22,31,549,36,52,2
Bilal Powell,RB,NYJ,,30,18,28,46,17,,21,29,15,33,,23,37,23,24,27,30,401,26,38.6,0
Chris Moore,WR,BAL,2,,,7,,,34,58,17,30,,33,23,32,24,43,44,30,375,28,34.5,3
Duke Johnson,RB,CLE,,50,37,40,36,40,30,36,22,,48,27,38,34,25,43,29,30,565,35,52.9,3
Danny Woodhead,RB,BAL,,6,,,,,,,,,,13,22,20,24,23,19,30,157,19,14.5,0
Fitzgerald Toussaint,RB,PIT,,,,,,,,,,,,,1,,2,1,5,30,39,6,3.5,0
Jeff Janis,WR,GB,,3,1,,1,,1,,,,1,,,1,,,12,30,50,3,4.8,0
Louis Murphy,WR,SF,,,,,,,,,,,27,,33,42,29,33,33,30,227,32,20.6,1
Maxx Williams,TE,BAL,,17,28,,,,9,,,32,,34,28,30,33,36,38,30,315,28,29,1
Nelson Agholor,WR,PHI,2,42,55,45,61,47,48,47,36,40,,47,65,66,77,49,58,30,813,50,71.9,8
Orleans Darkwa,RB,NYG,,8,11,16,,20,27,21,,32,26,30,19,22,19,22,12,30,315,21,29.1,0
Troy Niklas,TE,ARI,,19,30,19,22,19,35,17,,44,15,17,27,25,19,79,,30,417,27,37.1,1
Alex Collins,RB,BAL,,,8,10,17,16,22,16,32,28,,38,31,33,29,30,39,29,378,25,34.8,0
Chris Thompson,WR,HOU,,,,,10,3,,,1,,2,,1,50,,4,,29,100,7,9.1,0
Ed Dickson,TE,CAR,,40,55,59,62,66,82,72,65,64,73,,63,56,33,34,22,29,875,54,81.1,1
Elijah McGuire,RB,NYJ,,,11,12,19,36,25,7,3,20,36,,18,19,1,21,10,29,267,16,25.7,1
Kenny Britt,WR,NE,,52,42,52,46,,,55,,,55,20,18,12,,2,9,29,392,32,34.4,2
LeSean McCoy,RB,BUF,,54,40,43,43,54,,57,50,55,24,42,49,41,50,41,50,29,722,45,68.4,2
Luke Willson,TE,SEA,,17,37,25,22,26,,30,19,24,24,33,5,20,20,19,27,29,377,23,35.3,4
Stevan Ridley,RB,PIT,,,,,,,,,,,,,,,,,10,29,39,19,3.5,0
Albert Wilson,WR,KC,,40,34,27,43,32,,33,,,,,46,42,66,62,69,28,538,41,55.4,3
Trey Burton,TE,PHI,,14,14,19,9,16,13,16,21,47,,13,,21,48,11,10,28,300,20,26.5,5
Isaiah McKenzie,WR,DEN,1,5,30,9,6,,12,,,13,1,,,5,,,15,27,136,12,12.9,0
Mike Williams,WR,LAC,1,,,,,,11,14,22,,27,41,1,,35,30,26,27,234,23,22,0
Willie Snead IV,WR,NO,3,,,,,,21,,4,18,36,14,19,23,22,37,38,27,259,23,24.9,0
Eli Rogers,WR,PIT,,39,37,21,,,13,11,19,,18,26,55,17,52,25,27,26,386,27,34.8,1
J.J. Nelson,WR,ARI,,30,50,52,25,32,12,28,,27,29,29,40,50,40,59,10,26,539,33,48,2
Ryan Switzer,WR,DAL,,2,6,2,8,3,,11,12,6,6,4,2,5,2,4,3,26,102,6,9.6,0
Wayne Gallman,RB,NYG,,,,,31,27,15,22,,17,10,16,22,14,37,36,52,26,325,25,30,1
Cordarrelle Patterson,WR,OAK,2,22,27,26,33,19,17,18,57,6,,25,37,34,27,45,13,25,431,26,42.5,0
Joe Mixon,RB,CIN,1,22,16,34,31,36,,22,35,28,31,35,46,17,,,7,25,385,27,39.8,0
Lee Smith,TE,OAK,,29,26,12,13,12,13,17,19,30,,10,28,26,8,29,44,25,341,21,33.7,0
David Njoku,TE,CLE,1,29,34,30,33,35,26,28,24,,46,21,41,34,34,32,30,24,501,31,46.9,4
Eric Ebron,TE,DET,,51,40,45,31,34,41,,34,35,34,28,29,29,42,27,28,24,552,34,52.9,4
James Hanna,TE,DAL,,21,9,14,30,20,,23,14,10,10,32,7,19,20,12,10,24,275,17,25.7,1
Lance Dunbar,RB,LAR,,,,,,,,,,,10,5,,,,,,24,39,9,3.7,0
Tavon Austin,WR,LAR,,7,9,15,15,16,9,19,,29,11,2,27,11,14,14,6,24,228,14,21.9,0
AJ Derby,TE,MIA,,29,29,29,29,,52,32,,33,14,,,,,,29,23,337,30,32.4,2
Javorius Allen,RB,BAL,,33,42,34,40,47,47,41,31,35,,10,15,13,13,26,15,23,465,29,42.8,2
Logan Paulsen,TE,SF,,3,5,27,1,3,3,11,,,12,,6,8,6,9,30,23,147,10,13.3,0
Laquon Treadwell,WR,MIN,,36,51,31,25,42,44,55,31,,24,16,21,20,32,24,27,23,502,31,44.9,0
Ardarius Stewart,WR,NYJ,,38,8,5,6,11,14,10,,18,10,,9,37,15,14,14,22,231,15,22.3,0
Brandon Coleman,WR,NO,,48,58,46,54,,26,54,48,30,29,52,27,33,32,52,39,22,650,40,62.6,3
Daniel Brown,WR,CHI,,,,,,,,,16,,38,32,30,11,19,35,39,22,242,17,24.4,0
Geronimo Allison,WR,GB,,,61,47,16,13,7,5,,17,12,8,8,9,19,46,53,22,343,22,32.8,0
J.D. McKissic,RB,SEA,,,,,10,18,,23,16,30,20,50,29,9,31,36,2,22,296,22,27.7,2
Mike Davis,RB,SEA,,,,,,,,,,,,16,,45,30,20,43,22,176,29,16.5,0
Marlon Mack,RB,IND,,17,11,,,17,14,32,39,27,25,,20,30,17,24,15,22,310,22,30.1,1
Noah Brown,WR,DAL,2,,5,8,7,,,19,5,,7,9,7,16,24,18,11,22,158,12,14.8,0
Stephen Anderson,TE,HOU,,57,,31,11,16,22,,11,40,35,13,7,68,48,34,26,22,441,29,40,1
Sean McGrath,TE,LAC,,,5,10,6,20,25,23,5,,18,15,7,5,17,13,28,22,219,14,20.6,0
Wendell Smallwood,RB,PHI,,15,14,43,35,,,24,13,6,,,,,,,,22,172,21,15.2,0
Michael Floyd,WR,MIN,,,,,,32,38,,6,,2,16,5,6,5,14,7,21,152,13,13.6,0
Marquise Goodwin,WR,SF,3,50,42,59,9,55,61,39,43,67,48,,54,58,52,63,50,21,771,48,69.8,2
Quincy Adeboyejo,WR,BAL,,,,,,,,,,,,,,,,,,21,21,21,1.9,0
Virgil Green,TE,DEN,,45,46,37,42,,35,28,,21,30,41,30,21,44,36,26,21,534,33,50.8,1
Ameer Abdullah,RB,DET,2,36,28,29,33,22,37,,32,33,31,29,29,,,8,11,20,378,27,36.2,1
Brandon Tate,WR,BUF,,2,,6,,34,,2,5,,3,47,2,,3,4,20,20,148,11,14,1
Derek Carrier,TE,LAR,,13,9,24,16,6,13,22,,21,,,12,6,4,17,5,20,188,13,18.1,0
Matt Breida,RB,SF,2,12,9,16,26,35,17,15,21,17,17,,7,24,32,19,23,20,310,19,28.1,1
Randall Telfer,TE,CLE,,18,19,19,11,33,17,24,19,,20,15,21,12,28,11,13,20,300,18,28.1,0
Brice Butler,WR,DAL,,35,22,7,22,22,,23,18,27,22,18,16,12,,,,19,263,20,24.6,3
LeGarrette Blount,RB,PHI,,23,6,22,26,26,30,25,35,16,,30,37,14,15,17,12,19,353,22,31.2,1
Nick Foles,QB,PHI,,,,,,,,,9,14,,,11,,23,68,68,19,212,30,18.7,0
Tarik Cohen,RB,CHI,,28,40,28,18,17,26,7,18,,13,31,19,16,37,25,18,19,360,22,36.4,1
Tion Green,RB,DET,7,,,,,,,,,,,,,21,13,23,13,19,89,17,8.5,0
Alshon Jeffery,WR,PHI,,60,61,67,68,53,56,53,48,49,,47,67,70,86,61,63,18,927,57,82,9
Freddie Martino,WR,TB,,,,,,,,,,,13,7,3,4,4,7,9,18,65,8,5.9,0
Hakeem Valles,TE,DET,,,,,,,,,,,,,,,,,,18,18,18,1.7,0
Jeff Cumberland,TE,LAC,5,,,,,,,,,,,28,15,24,30,13,20,18,148,21,13.9,0
Kendrick Bourne,WR,SF,1,3,,,,,,23,24,40,29,,33,25,31,31,26,18,283,25,25.6,0
Niles Paul,TE,WAS,,5,36,33,25,,16,9,4,,,34,32,17,16,19,37,18,301,21,29.6,0
Theo Riddick,RB,DET,,21,27,34,18,30,35,,30,25,17,30,26,40,48,33,40,18,472,29,45.2,2
Lamar Miller,RB,HOU,,64,49,50,57,56,44,,62,52,41,52,48,65,49,31,20,17,757,47,68.7,3
Michael Crabtree,WR,OAK,,48,35,31,,36,49,72,55,51,,58,5,,54,61,31,17,603,43,59.5,8
Pharaoh Brown,TE,OAK,2,,,,,,,,,,,,,,,,22,17,39,19,3.8,0
Roosevelt Nix,RB,PIT,,10,11,4,13,13,17,22,18,,9,5,5,5,10,7,16,17,182,11,16.4,1
Akeem Hunt,RB,KC,,,,1,3,,5,4,,,,3,6,6,2,4,,16,51,3,5.3,0
Branden Oliver,RB,LAC,,11,7,33,12,,,,5,,,,,,,2,20,16,106,13,10,0
D.J. Foster,RB,ARI,,,,,,,,,,,,9,18,28,21,33,16,16,141,20,12.5,0
Elijhaa Penny,RB,ARI,,1,7,2,4,3,4,,,3,,3,2,5,8,21,17,16,96,6,8.5,0
Garrett Griffin,TE,NO,,,,,,,,,,,,,,2,,21,,16,39,13,3.8,0
Matthew Slater,WR,NE,2,,,,,,1,3,4,,,,,,,3,2,16,29,3,2.5,0
De'Angelo Henderson,RB,DEN,,,,,,,,,,,,,,,,,5,15,20,4,1.9,1
Shane Vereen,RB,NYG,,31,17,19,22,23,12,16,,19,30,23,15,22,24,31,6,15,325,20,30,0
Torrey Smith,WR,PHI,,48,62,58,57,42,35,41,32,31,,42,41,58,67,51,55,15,735,45,65,2
Trent Taylor,WR,SF,1,24,21,39,47,35,44,46,39,15,,,47,31,31,34,25,15,493,32,44.7,2
Devontae Booker,RB,DEN,,,,,8,,23,11,,22,23,48,26,11,27,23,30,14,291,22,27.7,0
Marcus Murphy,RB,BUF,,,,,,,,,,,,,,,,,,14,14,14,1.3,0
Zach Ertz,TE,PHI,1,60,60,75,60,57,49,53,64,,,60,65,45,,60,56,14,778,55,68.8,8
Geoff Swaim,TE,DAL,,9,,7,4,9,,22,17,10,,10,7,10,22,12,21,13,173,11,16.2,0
Shelton Gibson,WR,PHI,,,,,,,,,,,,,4,,,,,13,17,3,1.5,0
Senorise Perry,RB,MIA,,,,,,,,,,,,,,12,1,,,13,26,1,2.5,0
Thomas Rawls,RB,SEA,,,16,1,,32,,30,41,42,29,,1,3,1,,10,13,219,18,20.5,0
Cameron Artis-Payne,RB,CAR,,,,,,,1,,10,1,12,,1,,,,,12,37,2,3.4,0
C.J. Uzomah,TE,CIN,2,,,17,21,17,,13,10,11,8,18,17,9,14,23,23,12,213,15,22,1
Johnny Holton,WR,OAK,,1,4,7,12,4,3,6,13,7,,13,46,51,27,12,12,12,230,14,22.7,3
Jarius Wright,WR,MIN,,15,13,18,4,2,29,40,14,,15,11,16,13,26,16,12,12,256,16,22.9,2
Tyler Higbee,TE,LAR,1,53,41,61,47,48,46,54,,50,54,44,48,38,34,50,55,12,735,45,70.6,1
Corey Clement,RB,PHI,2,,1,7,19,23,10,12,19,28,,19,15,28,27,10,27,11,256,16,22.6,2
Emanuel Byrd,TE,GB,,,,,,,,,,,,,,,,,,11,11,11,1.1,0
Josh Malone,WR,CIN,,,,,,,,13,19,31,30,18,27,33,26,25,16,11,249,22,25.7,1
James O'Shaughnessy,TE,JAX,,1,12,22,17,18,18,9,,5,9,18,9,4,16,35,35,11,239,14,21.1,1
Jeremy Sprinkle,TE,WAS,,,,7,7,,,,,24,23,15,18,2,2,3,14,11,126,11,12.4,1
Khari Lee,TE,BUF,,,,,,,,5,9,2,,3,7,5,,,5,11,47,5,4.5,0
Ricardo Louis,WR,CLE,,16,32,57,56,58,52,65,52,,60,33,45,13,4,9,9,11,572,35,53.5,0
Austin Traylor,TE,DEN,,,,,,,,,,,,53,33,53,45,45,26,10,265,37,25.2,0
Benjamin Cunningham,RB,CHI,,4,,5,16,14,1,,3,,28,17,23,7,11,23,13,10,175,12,17.7,2
Eric Saubert,TE,ATL,1,2,1,1,,,1,,,2,,3,3,2,,5,,10,30,2,2.9,0
Jesus Wilson,WR,TB,,,,,,,,,,,,,,5,,,4,10,19,6,1.7,1
MarQueis Gray,TE,MIA,,,3,2,3,18,12,7,4,2,2,6,7,17,15,12,7,10,127,7,12.2,0
Devante Mays,RB,GB,,1,,,,,,,,,,5,,,,,,9,15,1,1.4,0
David Moore,WR,SEA,,,,,,,,,,,,,,,,,,9,9,9,0.8,0
Jacob Hollister,TE,NE,,,16,7,3,8,1,1,4,,2,3,8,7,2,3,13,9,87,5,7.6,0
KJ Brent,WR,IND,,,,,,,,,,,,,,4,4,3,4,9,24,6,2.3,0
Taylor Gabriel,WR,ATL,,31,27,36,60,,48,35,31,38,27,34,42,27,31,32,32,9,540,33,52.6,1
Amara Darboh,WR,SEA,,5,14,11,16,18,,21,10,14,25,12,8,8,4,10,7,8,191,11,17.9,0
Alfred Morris,RB,DAL,,8,1,,3,5,,9,6,1,22,25,20,36,33,27,,8,204,14,19.1,0
Andre Roberts,WR,ATL,,2,4,1,4,,5,4,,2,,,1,,,,,8,31,1,3,0
Chris Manhertz,TE,CAR,2,12,14,15,17,29,20,27,26,5,27,,29,20,20,15,7,8,291,18,27,0
Lawrence Thomas,RB,NYJ,4,,15,,8,1,,,10,,12,,23,19,6,12,9,8,152,10,14.6,0
Matt LaCosse,TE,DEN,,,,,,,9,17,,12,,,,,,,5,8,51,10,4.8,0
Markus Wheaton,WR,CHI,,,,40,38,46,,,,,2,9,5,1,7,29,4,8,189,17,19.1,0
Russell Shepard,WR,CAR,,20,34,38,35,38,52,37,30,38,44,,30,32,23,23,,8,482,32,44.7,1
Sammie Coates,WR,CLE,9,,26,,,11,11,6,4,,17,,,,,6,4,8,93,7,8.7,0
T.J. Yeldon,RB,JAX,,,,,,,,23,,35,31,20,34,6,4,29,40,8,230,23,20.3,0
C.J. Ham,RB,MIN,1,9,5,22,7,6,6,12,17,,12,19,15,25,8,20,14,7,204,12,18.2,0
De'Anthony Thomas,WR,KC,,8,4,7,3,11,36,4,,39,,28,3,3,8,8,16,7,199,12,20.5,2
DeAndre Washington,RB,OAK,,16,13,16,6,,5,25,32,9,,24,14,14,14,11,17,7,223,14,22,1
Joe Callahan,QB,GB,,,,,,,,,,,,,,,,,,7,7,7,0.7,0
Kenjon Barner,RB,PHI,,,,,,17,22,4,4,2,,2,4,2,6,6,2,7,78,6,6.9,0
Paul Perkins,RB,NYG,,17,28,34,27,,,,,,,,1,4,,,3,7,121,11,11.2,0
Phillip Supernaw,TE,TEN,,9,25,13,3,14,18,18,,16,14,15,22,15,17,,,7,206,12,20.1,1
Ryan O'Malley,TE,NYG,,,,,,,,,,,,,,,,,,7,7,7,0.6,0
Ben Koyack,TE,JAX,,27,19,35,27,25,19,29,,37,29,44,15,30,16,35,25,6,418,26,36.9,0
De'Veon Smith,RB,MIA,,,,,,,,,,,,,,,,,,6,6,1,0.6,0
JoJo Natson,WR,NYJ,,,,,,,,,,,,,1,3,1,8,2,6,21,3,2,0
Jalen Richard,RB,OAK,,14,17,6,6,25,17,26,26,12,,11,5,13,15,11,9,6,219,13,21.6,1
Maurice Harris,WR,WAS,,,,,,,,,,,41,9,12,5,,3,,6,76,12,7.5,1
Ricky Seals-Jones,TE,ARI,,,,,,1,,,,,,8,17,15,18,30,37,6,132,14,11.7,3
Xavier Grimble,TE,PIT,,1,16,8,2,,,28,26,,4,9,20,18,6,13,14,6,171,11,15.4,1
Brian Hoyer,QB,NE,2,57,49,82,83,72,18,,,,9,3,,2,,,4,5,384,34,33.7,0
Kareem Hunt,RB,KC,,40,39,37,50,55,42,45,,31,,50,38,40,51,43,58,5,670,41,69,3
Taywan Taylor,WR,TEN,,6,12,26,24,32,30,32,,7,14,18,9,19,6,4,2,5,246,15,24,1
William Fuller V,WR,HOU,,,,,67,59,54,,63,71,33,,,,67,58,53,5,530,53,48.1,7
Andy Jones,WR,DET,,1,,,,,,,,,,,,,,,,4,5,1,0.5,0
Brian Quick,WR,WAS,,6,,1,,,4,,,23,,,,,23,2,14,4,77,7,7.6,0
Doug Martin,RB,TB,,,,,,26,37,43,39,18,36,37,13,,19,,17,4,289,26,26.4,0
Fozzy Whittaker,RB,CAR,,1,1,6,6,3,2,,,,,,2,1,8,7,5,4,46,3,4.3,1
Justin Hunter,WR,PIT,,,,,9,4,,,20,,,,7,,15,,6,4,65,9,5.9,1
Kellen Clemens,QB,LAC,,,,,,,,,,,3,17,,,15,,,4,39,4,3.7,0
Ryan Hewitt,TE,CIN,,7,9,4,7,,,,,6,5,14,14,13,4,9,10,4,106,8,11,0
Ryan Malleck,TE,HOU,,,,,,,,,,,,,,,,,4,4,8,4,0.7,0
Tyler Bray,QB,KC,,,,,,,,,,,,,,,,,,4,4,4,0.4,0
Darrius Heyward-Bey,WR,PIT,,1,2,2,7,2,5,5,5,,,4,8,1,,31,13,3,89,5,8,0
Jay Cutler,QB,MIA,,,68,63,52,58,67,37,,67,57,24,,63,73,75,57,3,764,54,73.5,0
Ben Braunecker,TE,CHI,,,,,,,,,,,,,,,,,2,2,4,0,0.4,0
Eric Weems,WR,TEN,,,3,5,,,4,1,,,,,,,,,,2,15,0,1.5,0
Jacquizz Rodgers,RB,TB,,,34,25,38,13,6,2,6,,6,2,25,5,,2,2,2,168,10,15.4,0
Kyle Carter,TE,MIN,,,,,,,,,,,,,,,,18,8,2,28,9,2.5,0
Ross Travis,TE,IND,,8,6,4,4,14,6,13,,5,,19,1,,7,10,5,2,114,7,11.1,0
Samaje Perine,RB,WAS,1,,26,30,12,,25,,,6,20,48,50,34,40,33,34,2,360,22,35.4,1
Tommylee Lewis,WR,NO,,11,14,16,15,,,12,10,,5,3,2,1,6,15,2,2,114,7,11,1
Tyrone Swoopes,TE,SEA,,,,,,,,,,,,,,,,,,2,2,2,0.2,0
Andre Ellington,RB,HOU,,20,30,49,46,31,13,,,14,43,,,47,16,,5,1,315,26,28.6,0
David Fluellen,RB,TEN,2,,5,,2,2,,,,,,,5,,1,,1,1,17,1,1.7,0
Dare Ogunbowale,RB,WAS,4,,,,,,,,,,,,,,,,,1,1,0,0.1,0
Jaydon Mickens,WR,JAX,,,,,,,,5,,3,10,9,7,,1,30,41,1,107,10,9.4,2
Alex Armah,RB,CAR,1,,,,,1,2,3,,17,18,,,6,,,,,47,5,4.4,0
Arrelious Benn,WR,JAX,5,7,9,16,17,10,8,9,,2,1,,,,,,,,79,8,7,0
Antonio Brown,WR,PIT,,51,70,64,68,75,57,64,59,,63,70,74,66,86,21,,,888,63,80.1,9
Austin Carr,WR,NO,,,,,3,,,,,,,,,,,,,,3,3,0.3,0
Austin Davis,QB,SEA,,,,,,,,1,,,1,,,,,3,,,5,1,0.5,0
Austin Ekeler,RB,LAC,1,3,,6,3,13,7,18,17,,23,32,27,20,18,10,,,197,12,18.5,3
Alex Erickson,WR,CIN,,7,37,13,8,31,,9,13,13,7,11,9,11,3,15,,,187,11,19.3,1
Andre Holmes,WR,BUF,,39,34,22,27,31,,27,21,35,9,39,14,13,15,14,,,340,24,32.2,3
Aaron Jones,RB,GB,1,,,,30,53,43,44,,20,6,,,2,8,26,4,,236,19,22.5,0
AJ McCarron,QB,CIN,,,,,3,,,,,,,,,,9,14,,,26,8,2.7,0
Adrian Peterson,RB,ARI,,9,16,14,6,,48,26,,59,36,37,50,,,,,,301,30,26.8,0
Allen Robinson II,WR,JAX,1,3,,,,,,,,,,,,,,,,,3,3,0.3,0
Aaron Rodgers,QB,GB,1,82,76,70,52,60,8,,,,,,,,,70,,,418,59,39.9,0
Austin Seferian-Jenkins,TE,NYJ,8,,,48,54,44,58,42,55,44,58,,59,58,35,57,43,,655,50,63.1,3
Adam Shaheen,TE,CHI,,8,5,15,8,11,19,19,19,,31,46,17,9,32,,,,239,18,24.1,3
Alex Smith,QB,KC,,69,53,53,76,77,54,62,,57,,75,58,46,75,66,83,,966,64,99.5,0
Andre Williams,RB,LAC,,,,,,,,,,,,5,,,8,,,,13,1,1.2,0
Blake Bell,TE,MIN,3,2,2,10,12,3,12,12,12,,6,11,5,27,31,,,,145,11,13,0
Bruce Ellington,WR,HOU,8,45,,70,66,55,45,,57,63,43,68,63,16,,,,,591,53,53.6,2
Blaine Gabbert,QB,ARI,2,,,,,,,,,,,58,73,64,65,85,,,345,69,30.7,0
Brittan Golden,WR,ARI,,,20,27,3,2,5,10,,2,,4,,,1,,,,74,5,6.6,0
Bronson Hill,RB,ARI,,,,,,,,,,,,,,,,,1,,1,0,0.1,0
Brian Hill,RB,CIN,,,,,,,,,,,,,,,7,5,7,,19,2,2,0
Blake Jarwin,TE,DAL,,,,,,,,,,,4,,,,,,,,4,4,0.4,0
Bradley Marquez,WR,DET,,,,,,,,,,,,,,,,,,,0,0,0,0
Brandon Marshall,WR,NYG,,48,48,65,66,27,,,,,,,,,,,,,254,50,23.4,0
Byron Marshall,WR,WAS,,,,,,,,,,,,3,21,26,,,,,50,12,4.9,0
Brock Osweiler,QB,DEN,,,,,,,7,,,64,63,81,,,,61,74,,350,58,33.3,0
Breshad Perriman,WR,BAL,,42,42,35,49,38,20,,49,35,,,16,,,31,30,,387,35,35.6,0
Bobby Rainey,RB,BAL,,,,,,,4,9,5,14,,,,,,,,,32,8,2.9,0
Bernard Reedy,WR,NE,,,7,4,2,4,1,2,3,2,,,,2,,,,,27,2,2.4,0
Ben Roethlisberger,QB,PIT,,60,74,64,76,79,64,69,64,,66,72,74,66,89,67,54,,1038,69,93.7,0
Bryce Treggs,WR,CLE,,,,,,42,28,11,52,,24,,5,,,,,,162,27,15.2,0
Brandon Williams,TE,IND,,19,13,16,17,50,13,10,21,21,20,,24,17,45,8,,,294,21,28.5,0
Cole Beasley,WR,DAL,,52,57,25,31,37,,34,27,45,41,32,42,38,29,41,45,,576,38,53.9,4
C.J. Beathard,QB,SF,2,,,,1,,54,66,66,74,61,,68,,,,,,390,55,35.3,0
Chris Carson,RB,SEA,,26,50,41,35,,,,,,,,,,,,,,152,38,14.2,1
Cethan Carter,TE,CIN,,,,2,9,16,,5,11,1,,,,,,5,,,49,3,5.1,0
Chris Conley,WR,KC,2,65,46,43,71,68,,,,,,,,,,,,,293,58,30.2,0
Cody Core,WR,CIN,,10,7,5,8,12,,21,,2,,1,,,,,,,66,5,6.8,0
Chase Daniel,QB,NO,,,,,,,,,,,5,,,,,,,,5,5,0.5,0
CJ Fiedorowicz,TE,HOU,,24,,,,,,,,,63,60,66,17,,,,,230,46,20.9,0
Coby Fleener,TE,NO,,32,32,14,44,,18,20,16,22,17,36,18,,,,,,269,24,25.9,2
Corey Grant,RB,JAX,,,3,12,5,1,2,8,,6,,,,7,8,12,,,64,4,5.6,0
Chad Henne,QB,JAX,,,,9,,,,,,,,,,,,14,,,23,11,2,0
Cole Hikutini,TE,SF,,,,,,,2,21,9,,,,,,,,,,32,8,2.9,0
Chris Hogan,WR,NE,,73,65,59,68,74,63,59,75,,,,,,55,,,,591,65,51.8,5
Chris Ivory,RB,JAX,,25,27,25,34,15,28,38,,39,8,6,2,9,12,31,,,299,21,26.4,1
Chris Johnson,RB,ARI,,,17,31,35,24,,,,,,,,,,,,,107,26,9.5,0
Cody Kessler,QB,CLE,,,,,,,,38,,,7,,3,,,,,,48,16,4.5,0
Cooper Kupp,WR,LAR,1,39,30,40,49,63,36,63,,39,56,55,61,51,45,50,65,,742,49,71.3,5
Cody Latimer,WR,DEN,,12,14,11,,,,,,48,47,48,36,48,31,44,,,376,34,35.7,2
Chris Matthews,WR,BAL,,,7,7,14,8,23,,,,,,,,,,,,59,9,5.4,0
Colt McCoy,QB,WAS,1,,,,,,,,,,,,,4,,,,,4,4,0.4,0
Carson Palmer,QB,ARI,,75,66,81,86,60,65,26,,,,,,,,,,,459,65,40.8,0
Charone Peake,WR,NYJ,,1,11,16,,,,,,,,,,,,,,,28,9,2.7,0
C.J. Prosise,RB,SEA,,16,17,27,,,,2,,,13,,,,,,,,75,15,7,0
Cooper Rush,QB,DAL,2,,,,,,,12,,,,3,,,,,,,15,7,1.4,0
Curtis Samuel,WR,CAR,1,12,12,36,,15,23,19,18,49,42,,,,,,,,226,25,20.9,0
CJ Spiller,RB,KC,,,,,,,,12,,,,,,,,,,,12,12,1.2,0
Chris Thompson,RB,WAS,,30,29,28,26,,45,37,47,33,45,18,,,,,,,338,33,33.2,4
Clive Walford,TE,OAK,,5,12,4,9,14,7,8,6,12,,14,6,25,8,,,,130,10,12.8,0
Carson Wentz,QB,PHI,,68,72,76,79,67,62,65,61,55,,64,67,75,68,,,,879,67,77.7,0
Charcandrick West,RB,KC,,24,11,14,20,21,3,,,23,,20,16,,20,17,23,,224,17,23.1,2
Chad Williams,WR,ARI,,,10,13,,,,,,,,,29,23,14,11,,,100,16,8.9,0
Davante Adams,WR,GB,1,67,71,67,40,56,65,48,,56,54,64,48,49,64,27,,,776,55,74.1,10
Derek Anderson,QB,CAR,2,,,9,,,,,,,6,,,,,,1,,16,5,1.5,0
Damiere Byrd,WR,CAR,3,19,23,13,4,,,,,,,,,23,38,51,20,,191,23,17.7,2
Dalvin Cook,RB,MIN,1,51,37,54,27,,,,,,,,,,,,,,169,42,15.1,0
D'Onta Foreman,RB,HOU,1,2,17,17,24,9,23,,1,20,16,18,,,,,,,147,14,13.3,0
Dwayne Harris,WR,NYG,,,,,,8,,,,,,,,,,,,,8,1,0.7,0
DeAndre Hopkins,WR,HOU,1,79,66,71,78,64,63,,71,71,69,65,69,81,67,57,56,,1027,68,93.2,13
DeSean Jackson,WR,TB,,,36,43,45,52,53,52,50,39,54,40,44,49,30,23,,,610,43,55.8,3
David Johnson,RB,ARI,,46,,,,,,,,,,,,,,,,,46,46,4.1,0
Daniel Lasco,RB,NO,,,,,,,,,,,6,,,,,,,,6,2,0.6,0
Darren McFadden,RB,DAL,,,,,,,,,,,1,,,,,,,,1,1,0.1,0
Donte Moncrief,WR,IND,,45,53,58,43,53,43,52,56,50,51,,60,50,,,,,614,51,59.6,2
DeMarco Murray,RB,TEN,,47,37,48,23,49,38,43,,37,67,52,31,32,47,48,48,,647,43,63.2,1
Darius Powe,WR,NYG,8,,,,,,,,,,,,,,48,,,,48,48,4.4,0
Darren Sproles,RB,PHI,,33,50,5,,,,,,,,,,,,,,,88,29,7.8,0
Dwayne Washington,RB,DET,5,14,7,,,,,,14,11,4,,,,,,,,50,10,4.8,0
Deshaun Watson,QB,HOU,1,48,66,71,78,64,66,,71,,,,,,,,,,464,66,42.1,0
DeAndrew White,WR,HOU,,,,,,,,,,,,,,,48,46,,,94,47,8.5,0
Damien Williams,RB,MIA,,,3,10,11,10,18,22,8,30,32,27,24,,,,,,195,17,18.8,1
Evan Baylis,TE,HOU,,,16,,,,,,,,,,,,,,,,16,16,1.5,0
Ed Eagan,WR,NYG,,,,,,,6,,,5,,,,,,,,,11,2,1,0
Evan Engram,TE,NYG,1,48,43,57,67,57,38,47,,58,52,58,49,53,63,74,13,,777,51,71.7,6
Elijah Hood,RB,OAK,,,,,,,,,,,,,,,,,,,0,0,0,0
Eddie Lacy,RB,SEA,,7,,,23,19,,21,12,11,,6,35,3,,,,,137,15,12.8,0
EJ Manuel,QB,OAK,4,,,,20,56,,,,,,,,,,,,,76,38,7.5,0
Emmanuel Sanders,WR,DEN,,53,69,62,48,,50,,,29,55,76,50,57,47,39,,,635,52,60.4,2
Geremy Davis,WR,LAC,,,,,,,,,,,,,,6,,,,,6,6,0.6,0
Gavin Escobar,TE,BAL,,,,,,,,,15,5,,,,,,,,,20,10,1.8,0
Gabe Holmes,TE,ARI,,,,,,,,,,,,,,,,4,8,,12,6,1.1,0
Geno Smith,QB,NYG,1,,,,,,,,,4,,,,62,,,,,66,33,6.1,0
Griff Whalen,WR,BAL,,,,,,,,58,25,,,,,,,,,,83,41,7.6,0
Harry Douglas,WR,TEN,,,,,,,,,,,,,14,9,,,,,23,11,2.2,0
Hunter Henry,TE,LAC,1,23,33,41,35,59,54,47,35,,45,44,52,50,42,38,,,598,42,56.2,4
Henry Krieger-Coble,TE,IND,,,,,,7,,,,,,,,,,,,,7,7,0.7,0
Ifeanyi Momah,WR,ARI,,3,21,2,3,2,4,1,,9,4,,,,,,,,49,5,4.4,0
Isaac Whitney,WR,OAK,,,,,,,,,,,,,,15,,2,,,17,8,1.7,0
Jared Abbrederis,WR,DET,,,,6,14,14,47,,13,18,5,,,,,,,,117,16,11.2,0
Jay Ajayi,RB,PHI,,,64,33,32,46,48,51,46,17,,13,22,31,43,35,28,,509,36,45,1
Joe Banyard,RB,BUF,,,,,,,,,,,,,,,,,,,0,0,0,0
Jace Billingsley,WR,DET,,,,,,,,,2,,,,,,,,,,2,1,0.2,0
Jamaal Charles,RB,DEN,,21,20,21,11,,20,15,,19,16,4,15,23,5,2,,,205,14,19.5,0
James Conner,RB,PIT,1,8,4,,6,6,5,6,4,,1,8,1,3,7,9,,,68,4,6.1,0
Justin Davis,RB,LAR,5,5,,,,,,,,,,,1,,,,,,6,1,0.6,0
Jim Dray,TE,ARI,,,,,,,,,,,,,,,,,,,0,0,0,0
Josh Ferguson,RB,IND,,,,,,,,13,,,,,,16,,1,,,30,3,2.9,0
Jalston Fowler,RB,TEN,,3,11,19,10,6,14,11,,9,6,5,,,,,,,94,9,9.2,0
Jared Goff,QB,LAR,1,60,50,67,69,74,59,76,,51,66,59,77,58,48,56,69,,939,62,90.2,0
Justin Hardee,WR,NO,2,,,,,,,,,,,,,,,,,,0,0,0,0
Jeremy Hill,RB,CIN,,10,15,14,12,11,,8,7,,,,,,,,,,77,11,8,0
Jeremy Kerley,WR,NYJ,,,44,34,46,36,47,29,35,6,,,,,,,,,277,34,26.7,1
Jordan Leslie,WR,CLE,,,,21,5,,,,,,,,,,,,,,26,13,2.4,0
Jeremy Maclin,WR,BAL,,48,43,36,47,46,,,37,61,,44,49,46,50,5,,,512,42,47.1,3
Jordan Matthews,WR,BUF,,67,50,50,39,,,55,48,71,36,,42,51,,,,,509,50,48.2,1
Josh McCown,QB,NYJ,,58,56,63,70,53,76,56,61,67,69,,70,91,29,,,,819,63,78.9,0
Jeremy McNichols,RB,SF,,,,,,,,,,,,,,,,,,,0,0,0,0
Johnny Mundt,TE,LAR,3,,,,,,,,,,3,1,,,,,,,4,2,0.4,0
Jordy Nelson,WR,GB,,76,7,67,51,49,61,51,,49,64,62,52,50,70,70,27,,806,53,77,6
John Phillips,TE,NO,,,,,,,,,,,,,,,,,8,,8,8,0.8,0
Jordan Reed,TE,WAS,,55,40,,13,,54,50,21,,,,,,,,,,233,38,22.9,2
John Ross,WR,CIN,3,,5,,,,,,6,,6,,,,,,,,17,5,1.8,0
Jake Rudock,QB,DET,,,,,,,,,,,,,,9,,,,,9,4,0.9,0
Jonathan Stewart,RB,CAR,,29,25,26,28,40,27,28,28,21,25,,27,22,26,30,25,,407,27,37.7,1
Jaelen Strong,WR,JAX,,,20,,,,,,,,,,,,,,43,,63,31,5.6,1
Julius Thomas,TE,MIA,,,65,37,39,36,54,39,36,49,43,51,47,42,43,59,,,640,45,61.5,3
Jordan Todman,RB,HOU,,,,,,,,,,,,,,,,,,,0,0,0,0
Jason Vander Laan,QB,IND,,,,,,,,,,,,,,,,4,,,4,1,0.4,0
Joe Webb,QB,BUF,,,,,,,,,,3,,,,5,28,,3,,39,2,3.7,0
James White,RB,NE,,43,30,32,43,35,29,23,20,,11,17,18,28,35,20,,,384,27,33.7,3
Jarveon Williams,RB,CIN,6,,,,,,,,,,,,,,,1,,,1,1,0.1,0
Kevin Hogan,QB,CLE,,,19,,14,34,67,,,,,,,,,,,,134,33,12.5,0
Krishawn Hogan,WR,IND,,,,,7,3,,,,,,,,,,,,,10,5,1,0
Kalif Raymond,WR,NYG,1,,,,,,,,,,,2,1,,8,23,,,34,4,3.1,0
Kyle Sloter,QB,MIN,,,,,,,,,,,,,,,1,,,,1,1,0.1,0
Kevin White,WR,CHI,,47,,,,,,,,,,,,,,,,,47,47,4.7,0
Kasen Williams,WR,CLE,,12,,20,17,34,39,6,6,,,,,,,,,,134,19,12.5,0
Le'Veon Bell,RB,PIT,,43,68,62,69,73,58,61,60,,65,68,72,63,80,57,46,,945,63,85.3,2
Leonte Carroo,WR,MIA,,,2,1,3,4,24,50,50,,,,5,4,1,,1,,145,10,13.9,0
Leshun Daniels Jr.,RB,WAS,,,,,,,,,,,,,,,10,4,,,14,3,1.4,0
Lance Lenoir,WR,DAL,,,,,,,,,,,,,,,,,,,0,0,0,0
Larry Pinkard,WR,JAX,9,,,,,,,,,,,2,,4,2,,,,8,2,0.7,0
Logan Thomas,TE,BUF,1,6,1,11,9,20,,29,21,21,9,,,22,3,3,,,155,12,14.7,1
Levine Toilolo,TE,ATL,,29,28,35,29,,15,19,31,28,30,31,29,25,43,40,13,,425,28,41.4,1
Martellus Bennett,TE,NE,,67,62,67,43,49,50,49,,,7,17,,,,,,,411,45,36,0
Mack Brown,RB,MIN,,,,10,,,4,,,,,,,,,,,,14,3,1.3,0
Matt Cassel,QB,TEN,,,,,18,59,,,,,,,,,,,,,77,38,7.5,0
Matt Dayes,RB,CLE,,13,4,,8,,5,,5,,,6,,,,,1,,42,2,3.9,0
Matt Forte,RB,NYJ,,35,27,23,,,44,28,29,32,,,29,35,26,28,27,,363,30,35,1
Mose Frazier,WR,CAR,,,,,,,,,,,,,,,,,4,,4,4,0.4,0
Mike Gillislee,RB,NE,,24,30,21,18,24,13,13,13,,,,,,,,15,,171,19,15,0
Mike Glennon,QB,CHI,,67,64,65,68,,,,,,,,,,,,,,264,66,26.7,0
Marvin Hall,WR,ATL,,,,,,,12,,6,,18,8,,7,10,9,7,,77,9,7.5,1
Matt Hazel,WR,CLE,,3,,4,,,,,,,4,,,,,,,,11,3,1,0
Michael Hoomanawanui,TE,NO,,18,22,28,43,,41,43,24,38,47,24,26,31,25,9,,,419,29,40.3,1
Matt Jones,RB,IND,,,,5,4,,,,,,,,,,,,,,9,1,0.9,0
Marcus Kemp,WR,KC,2,,,,,,8,,,,,,,,,,,,8,8,0.8,0
Marqise Lee,WR,JAX,,53,58,49,57,34,55,47,,66,71,63,58,58,58,11,,,738,52,65.1,3
Matt Lengel,TE,CLE,,,,,,,,,,,,,,,,,1,,1,1,0.1,0
Maxwell McCaffrey,WR,SF,,,1,10,1,3,3,,,,,,,,,,,,18,3,1.6,0
Matt Moore,QB,MIA,,,,,,,,36,66,,,40,61,,,,,,203,50,19.5,0
MyCole Pruitt,TE,HOU,,,,,,,,,,,,,,,13,,,,13,13,1.2,0
Michael Roberts,TE,DET,4,6,17,9,22,5,5,,19,21,14,16,12,20,9,26,20,,221,14,21.2,0
Nathan Peterman,QB,BUF,3,,,,,,,,,,11,25,,21,40,,,,97,24,9.2,0
Nick Vannett,TE,SEA,,8,14,6,18,20,,32,18,15,15,20,39,33,13,7,20,,278,18,26,1
Nick Williams,WR,ATL,,,,,28,,,,,,,,,,,,,,28,28,2.7,0
Odell Beckham Jr.,WR,NYG,1,,34,55,68,55,,,,,,,,,,,,,212,53,19.6,3
O.J. Howard,TE,TB,3,,46,34,42,41,45,51,39,37,50,46,53,55,56,13,,,608,43,55.6,6
Pierre Garcon,WR,SF,,50,39,69,74,63,60,46,32,,,,,,,,,,433,54,39.2,0
Quan Bray,WR,IND,,4,6,33,1,5,,8,1,,,,,,,,,,58,6,5.6,0
Quinton Dunbar,WR,WAS,,,,,,,,,,,,,,,,,,,0,0,0,0
Rex Burkhead,RB,NE,,10,8,,,,,13,27,,36,19,28,22,17,16,,,196,19,17.2,3
Robert Davis,WR,WAS,,,,,,,,,,,,,,,,,,,0,0,0,0
Ryan Fitzpatrick,QB,TB,,,6,,,,55,,,30,71,66,71,,,,,,299,49,27.3,0
Ryan Griffin,TE,HOU,,10,,61,81,52,58,,65,22,,,,,,,,,349,49,31.7,1
Rob Kelley,RB,WAS,,33,16,,12,,,27,12,26,10,,,,,,,,136,19,13.4,0
Roger Lewis,WR,NYG,,43,16,11,14,45,48,50,,47,54,52,48,51,75,81,60,,695,46,64.1,2
Ryan Mallett,QB,BAL,,,,23,,,,,36,,,,,,,,,,59,29,5.4,0
Raheem Mostert,RB,SF,1,1,,8,,4,1,,,1,,,,,,,,,15,1,1.4,0
Richard Rodgers,TE,GB,,5,10,10,10,6,11,6,,33,32,37,37,29,40,38,2,,306,20,29.2,1
Rashawn Scott,WR,MIA,,,,,,,,,,,,1,,,,,,,1,1,0.1,0
Rod Smith,RB,DAL,,2,4,3,1,3,,13,3,1,38,30,34,27,29,35,7,,230,15,21.5,1
Robert Turbin,RB,IND,,14,28,21,19,21,21,,,,,,,,,,,,124,20,12,0
Robert Woods,WR,LAR,1,43,45,62,59,64,52,69,,45,52,45,,,,52,63,,651,54,62.5,5
Sam Bradford,QB,MIN,,65,,,,26,,,,,,,,,,,,,91,45,8.1,0
Stacy Coley,WR,MIN,14,2,,,,,16,2,,,,,,,,,,,20,5,1.8,0
Sean Culkin,TE,LAC,,11,,,,,,,,,,,,,,,,,11,11,1,0
Sterling Shepard,WR,NYG,2,56,56,68,67,24,,,,63,66,,,61,77,85,65,,688,62,63.5,2
Scott Tolzien,QB,IND,,41,,,,,,,,,,,,,,,,,41,41,4,0
Sammy Watkins,WR,LAR,,38,45,44,60,59,48,67,,33,50,49,64,58,45,52,66,,778,51,74.7,8
Teddy Bridgewater,QB,MIN,,,,,,,,,,,,,,,,9,,,9,9,0.8,0
Travaris Cadet,RB,BUF,,,,,5,,8,,,,,23,21,28,4,22,5,,116,12,11,0
Trey Edmunds,RB,NO,,,,,,,,,,,13,,,,,,,,13,0,1.3,0
Tyler Eifert,TE,CIN,,54,50,,,,,,,,,,,,,,,,104,52,10.8,0
Tyler Ervin,RB,HOU,,50,27,8,1,,,,,,,,,,,,,,86,21,7.8,0
Tanner Gentry,WR,CHI,,,8,,,,76,33,65,,,,,,,,,,182,45,18.4,0
Todd Gurley II,RB,LAR,,48,44,63,55,56,49,55,,40,54,54,69,55,45,45,64,,796,53,76.5,6
Taylor Heinicke,QB,HOU,2,,,,,,,,,,,,,,,,9,,9,9,0.8,0
Taysom Hill,QB,NO,2,,,,,,,,,,,,,,,,1,,1,0,0.1,0
Tyreek Hill,WR,KC,1,50,47,39,58,46,42,40,,48,,64,48,42,69,63,70,,779,51,80.2,7
TJ Jones,WR,DET,,19,15,15,46,40,58,,52,50,29,29,15,9,10,13,,,400,28,38.3,1
Taiwan Jones,RB,BUF,,,,,,,,2,,1,,,,,,,,,3,0,0.3,0
Travis Kelce,TE,KC,1,67,51,53,71,39,52,58,,54,,74,56,42,69,59,72,,875,58,90.1,8
Tavarres King,WR,NYG,,,,,,,46,59,,35,53,65,55,37,,43,,,393,49,36.3,3
Tre Madden,RB,SEA,,5,13,1,8,9,,8,15,8,,,,,,,,,67,8,6.3,0
Terrence Magee,RB,ATL,,,,,,,,,,,,,,,,,,,0,0,0,0
Tre McBride,WR,CHI,,,2,,,43,58,20,42,,7,19,43,,,,,,234,29,23.6,0
Tanner McEvoy,WR,SEA,,9,15,25,13,14,,17,20,17,18,13,9,11,17,11,6,,215,14,20.1,0
Taquan Mizzell,RB,CHI,,,,,,,,1,1,,,,,,,,,,2,0,0.2,0
Ty Montgomery,RB,GB,2,74,65,65,5,,20,7,,24,14,,,,,,,,274,34,26.2,1
Terrelle Pryor,WR,WAS,,53,52,57,43,,61,30,19,35,28,,,,,,,,378,42,37.2,1
Tom Savage,QB,HOU,,31,,,6,,,,,71,68,70,69,81,25,,,,421,52,38.2,0
Trevor Siemian,QB,DEN,2,69,77,70,64,,74,64,,,,,26,72,70,18,,,677,61,64.4,0
Terron Ward,RB,ATL,,,,,,,,,,,17,18,20,,,19,,,74,5,7.2,0
Terrell Watson,RB,PIT,,,1,1,1,,1,2,,,,,,,,,,,6,0,0.5,0
Terrance West,RB,BAL,,27,15,10,11,3,,,,,,,,,,,,,66,13,6.1,0
Victor Bolden,WR,SF,,,1,2,12,3,3,,,6,1,,,,,,,,28,3,2.5,0
Vince Mayle,WR,BAL,,,1,,2,9,5,3,1,,,,,,,,,,21,1,1.9,0
Will Tye,TE,NYJ,,37,42,22,,,,,,,,,,,,,,,101,33,9.7,0
Zach Miller,TE,CHI,,40,48,32,48,42,55,25,24,,,,,,,,,,314,39,31.7,2
Zach Zenner,RB,DET,,,,7,19,9,9,,,,,4,6,4,7,,,,65,8,6.2,}
